filename,url
InDesign-Server-Additional-Terms_ja_JP_20190120.pdf,https://wwwimages2.adobe.com/content/dam/acom/jp/legal/servicetou/InDesign-Server-Additional-Terms_ja_JP_20190120.pdf
adobe-sign-icertis-solution-brief-ue.pdf,https://acrobat.adobe.com/content/dam/doc-cloud/en/pdfs/adobe-sign-icertis-solution-brief-ue.pdf
Adobe-Document-Cloud-for-Procurement-SB-ue.pdf,https://acrobat.adobe.com/content/dam/doc-cloud/en/pdfs/Adobe-Document-Cloud-for-Procurement-SB-ue.pdf
Adobe-Document-Cloud-for-Sales-SB-ue.pdf,https://acrobat.adobe.com/content/dam/doc-cloud/en/pdfs/Adobe-Document-Cloud-for-Sales-SB-ue.pdf
adobe-nondisclosure-agreement-automation-solution-SB.pdf,https://acrobat.adobe.com/content/dam/doc-cloud/en/pdfs/adobe-nondisclosure-agreement-automation-solution-SB.pdf
adobe-sign-eidas-compliance-uk.pdf,https://acrobat.adobe.com/content/dam/doc-cloud/en/pdfs/adobe-sign-eidas-compliance-uk.pdf
adobe-sign-microsoft-dynamics-crm-solution-brief-ue.pdf,https://acrobat.adobe.com/content/dam/doc-cloud/en/pdfs/adobe-sign-microsoft-dynamics-crm-solution-brief-ue.pdf
lifetime-training-case-study.pdf,https://www.adobe.com/content/dam/acom/en/customer-success/pdfs/lifetime-training-case-study.pdf
adobe-sign-dynamics-365-talent-solution-brief-ue.pdf,https://acrobat.adobe.com/content/dam/doc-cloud/en/pdfs/adobe-sign-dynamics-365-talent-solution-brief-ue.pdf
adobe-sign-successfactors-solution-brief-ue.pdf,https://acrobat.adobe.com/content/dam/doc-cloud/en/pdfs/adobe-sign-successfactors-solution-brief-ue.pdf
TOU_AdobeDigitalPublishingServices_v1-multi-20150528_1200.pdf,https://www.adobe.com/content/dam/acom/en/legal/licenses-terms/pdf/TOU_AdobeDigitalPublishingServices_v1-multi-20150528_1200.pdf
InDesign-Server-Additional-Terms_en_US_20190120.pdf,https://wwwimages2.adobe.com/content/dam/acom/en/legal/servicetou/InDesign-Server-Additional-Terms_en_US_20190120.pdf
Adobe-Sign-Additional-Terms_en-US_20190305.pdf,https://wwwimages2.adobe.com/content/dam/acom/en/legal/servicetou/Adobe-Sign-Additional-Terms_en-US_20190305.pdf
filename,url
Adobe_Stock_Terms-en_US-20170630_2200.pdf,https://wwwimages2.adobe.com/content/dam/acom/en/legal/servicetou/Adobe_Stock_Terms-en_US-20170630_2200.pdf
InDesign-Server-Additional-Terms_sk_SK_20190120.pdf,https://wwwimages2.adobe.com/content/dam/acom/sk/legal/servicetou/InDesign-Server-Additional-Terms_sk_SK_20190120.pdf
Primary_Secondary_Additional_Terms_TOU_de_DE_20190626.pdf,https://wwwimages2.adobe.com/content/dam/cc/de/legal/servicetou/Primary_Secondary_Additional_Terms_TOU_de_DE_20190626.pdf
Demo_Asset_Terms-de_DE-20180605_2200.pdf,https://wwwimages2.adobe.com/content/dam/acom/de/legal/servicetou/Demo_Asset_Terms-de_DE-20180605_2200.pdf
document_cloud_enterprise_mobility_management-solution_brief.pdf,https://acrobat.adobe.com/content/dam/doc-cloud/en/pdfs/document_cloud_enterprise_mobility_management-solution_brief.pdf
cc-availability-matrix.pdf,https://www.adobe.com/content/dam/acom/en/products/creativecloud/cc/pdfs/cc-availability-matrix.pdf
adobe-sign-icertis-solution-brief-ue.pdf,https://acrobat.adobe.com/content/dam/doc-cloud/en/pdfs/adobe-sign-icertis-solution-brief-ue.pdf
adobe-sign-salesforce-solution-brief-ue.pdf,https://acrobat.adobe.com/content/dam/doc-cloud/en/pdfs/adobe-sign-salesforce-solution-brief-ue.pdf
document-cloud-global-guide-electronic-signature-law-nl.pdf,https://acrobat.adobe.com/content/dam/doc-cloud/nl/pdfs/document-cloud-global-guide-electronic-signature-law-nl.pdf
document-cloud-global-guide-electronic-signature-law-jp.pdf,https://acrobat.adobe.com/content/dam/doc-cloud/jp/pdfs/document-cloud-global-guide-electronic-signature-law-jp.pdf
document-cloud-global-guide-electronic-signature-law-fr.pdf,https://acrobat.adobe.com/content/dam/doc-cloud/fr/pdfs/document-cloud-global-guide-electronic-signature-law-fr.pdf
adobe-nondisclosure-agreement-automation-solution-SB.pdf,https://acrobat.adobe.com/content/dam/doc-cloud/en/pdfs/adobe-nondisclosure-agreement-automation-solution-SB.pdf
filename,url
Fuse_Additional_Terms_ko_KR_20180605.pdf,https://wwwimages2.adobe.com/content/dam/acom/kr/legal/servicetou/Fuse_Additional_Terms_ko_KR_20180605.pdf
InDesign-Server-Additional-Terms_en_US_20190120.pdf,https://wwwimages2.adobe.com/content/dam/acom/en/legal/servicetou/InDesign-Server-Additional-Terms_en_US_20190120.pdf
document-cloud-global-guide-electronic-signature-law-jp.pdf,https://acrobat.adobe.com/content/dam/doc-cloud/jp/pdfs/document-cloud-global-guide-electronic-signature-law-jp.pdf
document-cloud-global-guide-electronic-signature-law-nl.pdf,https://acrobat.adobe.com/content/dam/doc-cloud/nl/pdfs/document-cloud-global-guide-electronic-signature-law-nl.pdf
adobe-workflow-automation.pdf,https://acrobat.adobe.com/content/dam/doc-cloud/en/pdfs/adobe-workflow-automation.pdf
adobe-sign-icertis-solution-brief-ue.pdf,https://acrobat.adobe.com/content/dam/doc-cloud/en/pdfs/adobe-sign-icertis-solution-brief-ue.pdf
adobe-document-cloud-office-365-sb-ue.pdf,https://acrobat.adobe.com/content/dam/doc-cloud/en/pdfs/adobe-document-cloud-office-365-sb-ue.pdf
lifetime-training-case-study.pdf,https://www.adobe.com/content/dam/acom/en/customer-success/pdfs/lifetime-training-case-study.pdf
adobe_cloud_signature_solution_brief_ue.pdf,https://acrobat.adobe.com/content/dam/doc-cloud/en/pdfs/adobe_cloud_signature_solution_brief_ue.pdf
filename,url
Project_1324_Additional_Terms_en_US_20180605.pdf,https://wwwimages2.adobe.com/content/dam/acom/en/legal/servicetou/Project_1324_Additional_Terms_en_US_20180605.pdf
Adobe_Stock_Additional_Terms_en_US_20190816_2200.pdf,https://wwwimages2.adobe.com/content/dam/acom/en/legal/servicetou/Adobe_Stock_Additional_Terms_en_US_20190816_2200.pdf
filename,url
Fuse_Additional_Terms_en_US_20180605.pdf,https://wwwimages2.adobe.com/content/dam/acom/en/legal/servicetou/Fuse_Additional_Terms_en_US_20180605.pdf
cc-availability-matrix.pdf,https://www.adobe.com/content/dam/acom/en/products/creativecloud/cc/pdfs/cc-availability-matrix.pdf
dc-csm-solution-brief-ue.pdf,https://acrobat.adobe.com/content/dam/doc-cloud/en/pdfs/dc-csm-solution-brief-ue.pdf
Adobe-ZEN-WP.pdf,https://www.adobe.com/content/dam/acom/en/security/pdfs/Adobe-ZEN-WP.pdf
Adobe_Stock_Terms-en_US-20170630_2200.pdf,https://wwwimages2.adobe.com/content/dam/acom/en/legal/servicetou/Adobe_Stock_Terms-en_US-20170630_2200.pdf
photoshop_reference.pdf,https://help.adobe.com/archive/en/photoshop/cs6/photoshop_reference.pdf
lifetime-training-case-study.pdf,https://www.adobe.com/content/dam/acom/en/customer-success/pdfs/lifetime-training-case-study.pdf
adobe-sign-dynamics-365-talent-solution-brief-ue.pdf,https://acrobat.adobe.com/content/dam/doc-cloud/en/pdfs/adobe-sign-dynamics-365-talent-solution-brief-ue.pdf
tcs_install_guide.pdf,https://help.adobe.com/en_US/techcomsuite/tcs/using/tcs_install_guide.pdf
Rhs-getting-started-guide.pdf,https://help.adobe.com/en_US/robohelp-server/getting-started/Rhs-getting-started-guide.pdf
adobe-sign-workplace-by-facebook-ds-ue.pdf,https://acrobat.adobe.com/content/dam/doc-cloud/en/pdfs/adobe-sign-workplace-by-facebook-ds-ue.pdf
